epoch,dynamic_power_law_transform_psnr_metric,learning_rate,loss,val_dynamic_power_law_transform_psnr_metric,val_loss
0,6.20034122467041,9.999999747378752e-05,0.26093336939811707,4.856524467468262,0.3354666829109192
1,6.863065719604492,9.999999747378752e-05,0.22820308804512024,6.389885902404785,0.23443342745304108
2,8.165175437927246,9.999999747378752e-05,0.17401312291622162,8.825010299682617,0.13672350347042084
3,9.187723159790039,9.999999747378752e-05,0.1390610635280609,9.210101127624512,0.12556873261928558
4,9.891778945922852,9.999999747378752e-05,0.11862745881080627,10.337145805358887,0.0983942523598671
5,10.697454452514648,9.999999747378752e-05,0.1055508702993393,10.384037017822266,0.09741733223199844
6,11.663042068481445,9.999999747378752e-05,0.0856265053153038,11.273172378540039,0.07927663624286652
7,12.213924407958984,9.999999747378752e-05,0.07532157748937607,12.33551025390625,0.06273338198661804
8,12.740450859069824,9.999999747378752e-05,0.0670665055513382,12.726495742797852,0.05767195299267769
9,13.214678764343262,9.999999747378752e-05,0.06307404488325119,13.78537368774414,0.04659578204154968
10,13.363214492797852,9.999999747378752e-05,0.058787569403648376,14.324911117553711,0.04190409183502197
11,13.789403915405273,9.999999747378752e-05,0.05283401906490326,14.89693832397461,0.03740587458014488
12,13.809597969055176,9.999999747378752e-05,0.05323238670825958,15.546192169189453,0.032821424305438995
13,14.039214134216309,9.999999747378752e-05,0.05035218596458435,15.849156379699707,0.030975766479969025
14,14.433306694030762,9.999999747378752e-05,0.04757380113005638,16.040546417236328,0.02987811155617237
15,14.495413780212402,9.999999747378752e-05,0.04664306715130806,16.264802932739258,0.02857324853539467
16,14.585482597351074,9.999999747378752e-05,0.044926032423973083,16.467355728149414,0.027397600933909416
17,14.811436653137207,9.999999747378752e-05,0.04275660961866379,16.551054000854492,0.026934051886200905
18,14.937358856201172,9.999999747378752e-05,0.04039110988378525,16.570724487304688,0.026957521215081215
19,15.251001358032227,9.999999747378752e-05,0.03916409984230995,16.78325653076172,0.025680752471089363
20,15.463626861572266,9.999999747378752e-05,0.03851865604519844,17.129011154174805,0.02376530133187771
21,15.366035461425781,9.999999747378752e-05,0.03745396062731743,17.52906608581543,0.02183511108160019
22,15.510429382324219,9.999999747378752e-05,0.03879125416278839,17.58588409423828,0.021543018519878387
23,15.959602355957031,9.999999747378752e-05,0.032929927110672,17.87588882446289,0.020327378064393997
24,15.92303466796875,9.999999747378752e-05,0.03368379548192024,18.05133056640625,0.019632473587989807
25,16.01218605041504,9.999999747378752e-05,0.03290671855211258,18.084989547729492,0.01947183348238468
26,16.271228790283203,9.999999747378752e-05,0.03086411952972412,18.392284393310547,0.018257971853017807
27,16.111949920654297,9.999999747378752e-05,0.03141658753156662,18.426179885864258,0.018044158816337585
28,16.563791275024414,9.999999747378752e-05,0.029108714312314987,18.725997924804688,0.016896706074476242
29,16.5156192779541,9.999999747378752e-05,0.029601354151964188,18.905542373657227,0.016115428879857063
30,16.838909149169922,9.999999747378752e-05,0.026566607877612114,19.08841896057129,0.015514777041971684
31,17.02945327758789,9.999999747378752e-05,0.026010708883404732,19.575185775756836,0.014127368107438087
32,16.566844940185547,9.999999747378752e-05,0.027978694066405296,19.059703826904297,0.015704911202192307
33,16.63119125366211,9.999999747378752e-05,0.02943047322332859,19.080265045166016,0.015638818964362144
34,17.096847534179688,9.999999747378752e-05,0.02528938092291355,19.411537170410156,0.014612973667681217
35,16.785072326660156,9.999999747378752e-05,0.02712780050933361,19.61870574951172,0.01398705504834652
36,17.194202423095703,9.999999747378752e-05,0.024793803691864014,19.3975772857666,0.014512110501527786
37,17.159767150878906,9.999999747378752e-05,0.025463081896305084,19.497364044189453,0.014222066849470139
38,17.443763732910156,9.999999747378752e-05,0.023756863549351692,19.937664031982422,0.013035074807703495
39,17.534679412841797,9.999999747378752e-05,0.023802749812602997,19.677343368530273,0.013666846789419651
40,17.653547286987305,9.999999747378752e-05,0.022275492548942566,19.781408309936523,0.013345531187951565
41,17.69226837158203,9.999999747378752e-05,0.02219076082110405,19.794885635375977,0.013240150175988674
42,17.756074905395508,9.999999747378752e-05,0.021866772323846817,19.767383575439453,0.01321614719927311
43,18.050918579101562,9.999999747378752e-05,0.02029910869896412,19.97735023498535,0.012605815194547176
44,18.158069610595703,9.999999747378752e-05,0.019967563450336456,20.134632110595703,0.012148845940828323
45,18.096019744873047,9.999999747378752e-05,0.01995154283940792,20.27471351623535,0.0118578365072608
46,18.03900909423828,9.999999747378752e-05,0.020948169752955437,20.08611297607422,0.01224620919674635
47,18.05674934387207,9.999999747378752e-05,0.020281843841075897,20.292652130126953,0.011701074428856373
48,18.361473083496094,9.999999747378752e-05,0.01878206618130207,20.400962829589844,0.011419328860938549
49,18.32867431640625,9.999999747378752e-05,0.019336512312293053,20.382524490356445,0.011381285265088081
50,18.612558364868164,9.999999747378752e-05,0.018427275121212006,20.350339889526367,0.011480710469186306
51,18.364349365234375,9.999999747378752e-05,0.0194329135119915,20.50286102294922,0.011118440888822079
52,18.228662490844727,9.999999747378752e-05,0.019280368462204933,20.52533531188965,0.011002638377249241
53,18.462987899780273,9.999999747378752e-05,0.019097279757261276,20.768644332885742,0.01043143030256033
54,18.522418975830078,9.999999747378752e-05,0.01822793297469616,21.054941177368164,0.009778590872883797
55,18.660690307617188,9.999999747378752e-05,0.017520330846309662,21.116844177246094,0.009663640521466732
56,18.7176570892334,9.999999747378752e-05,0.01694413088262081,21.097515106201172,0.009754665195941925
57,18.915943145751953,9.999999747378752e-05,0.016624435782432556,21.166425704956055,0.009675710462033749
58,19.008630752563477,9.999999747378752e-05,0.0156490970402956,21.083036422729492,0.00973715540021658
59,19.143413543701172,9.999999747378752e-05,0.015895606949925423,21.208879470825195,0.00936830323189497
60,18.926530838012695,9.999999747378752e-05,0.0167640782892704,21.339406967163086,0.009099125862121582
61,18.95530891418457,9.999999747378752e-05,0.016956569626927376,21.15790557861328,0.009571564383804798
62,19.111291885375977,9.999999747378752e-05,0.015955181792378426,21.41958999633789,0.008933532983064651
63,19.015100479125977,9.999999747378752e-05,0.016329890117049217,21.3927059173584,0.009034744463860989
64,19.21275520324707,9.999999747378752e-05,0.015347549691796303,21.502592086791992,0.008826361037790775
65,19.118959426879883,9.999999747378752e-05,0.016051562502980232,21.623332977294922,0.008554666303098202
66,19.573881149291992,9.999999747378752e-05,0.014305196702480316,21.550403594970703,0.008726298809051514
67,19.348609924316406,9.999999747378752e-05,0.015337803401052952,21.689647674560547,0.008393613621592522
68,19.603246688842773,9.999999747378752e-05,0.014186147600412369,21.722126007080078,0.008360516279935837
69,19.575361251831055,9.999999747378752e-05,0.01411751750856638,21.936864852905273,0.007915795780718327
70,19.77726173400879,9.999999747378752e-05,0.013290333561599255,21.940994262695312,0.007830551825463772
71,19.577802658081055,9.999999747378752e-05,0.01406333688646555,21.697214126586914,0.008309184573590755
72,19.766372680664062,9.999999747378752e-05,0.013658390380442142,21.314741134643555,0.009212003089487553
73,19.723596572875977,9.999999747378752e-05,0.013454556465148926,21.350862503051758,0.00927362497895956
74,19.9064998626709,9.999999747378752e-05,0.013376083225011826,22.065963745117188,0.007899576798081398
75,19.675514221191406,9.999999747378752e-06,0.0144096864387393,22.090106964111328,0.007700318470597267
76,19.642963409423828,9.999999747378752e-06,0.013781839981675148,22.03125762939453,0.007773801684379578
77,19.841594696044922,9.999999747378752e-06,0.013324882835149765,22.03946304321289,0.0077484785579144955
78,20.09457015991211,9.999999747378752e-06,0.012553492560982704,22.05144691467285,0.007726456969976425
79,20.066965103149414,9.999999747378752e-06,0.012884516268968582,22.038589477539062,0.007738305255770683
